lane,band_number,position_y,intensity
1,1,89,240.86307455463995
1,2,138,248.91137244154038
1,3,217,246.52913123923133
1,4,265,237.39359376120385
1,5,338,249.77396925777754
