lane,band_number,position_y,molecular_weight_kDa,area,relative_concentration_%
2,1,15,278.52,4788.078545108215,100.0
3,1,16,275.57,4798.24315699886,48.57
3,2,110,101.07,5081.7453602597925,51.43
4,1,16,275.57,4828.879506400022,48.73
4,2,110,101.07,5080.242755111167,51.27
5,1,15,278.52,4775.163854446075,48.45
5,2,110,101.07,5081.003031633252,51.55
6,1,112,98.94,5068.581913912337,100.0
