lane,band_number,position_y,intensity
1,1,268,54.97
1,2,388,54.78666666666667
2,1,93,145.35
2,2,269,164.45666666666668
3,1,89,77.94333333333333
3,2,264,178.20333333333335
